function,target,weight
Append,0.07761114041,0.1280773148
Pop,0.04540407219,0.1268002908
Insert_random,12.48718337,0.6201221356
Length,0.000006527801945,0.1250002588
