function,target,weight
Append,0.07761114041,0.08743641967
Pop,0.04540407219,0.08573372105
Insert_random,12.48718337,0.7434961808
Length,0.000006527801945,0.08333367844
